playerId,assists,gamesPlayed,gamesStarted,goalieFullName,goalsAgainst,goalsAgainstAverage,losses,otLosses,penaltyMinutes,points,savePct,saves,shootsCatches,shotsAgainst,shutouts,ties,timeOnIce,wins,completeGamePct,completeGames,goalsFor,goalsForAverage,incompleteGames,qualityStart,qualityStartsPct,regulationLosses,regulationWins,shotsAgainstPer60,birthStateProvinceCode,firstSeasonForGameType,isInHallOfFameYn,evGoalsAgainst,evSavePct,evSaves,evShotsAgainst,ppGoalsAgainst,ppSavePct,ppSaves,ppShotsAgainst,shGoalsAgainst,shSavePct,shSaves,shShotsAgainst,gamesRelieved,gamesRelievedGoalsAgainst,gamesRelievedLosses,gamesRelievedOtLosses,gamesRelievedSavePct,gamesRelievedSaves,gamesRelievedShotsAgainst,gamesRelievedTies,gamesRelievedWins,gamesStartedGoalsAgainst,gamesStartedLosses,gamesStartedOtLosses,gamesStartedSavePct,gamesStartedSaves,gamesStartedShotsAgainst,gamesStartedTies,gamesStartedWins
8447687,19.0,735,714.0,Dominik Hasek,1572.0,2.20186,223.0,13.0,170.0,19.0,0.92225,18648.0,L,20220.0,81.0,82.0,2570182.0,389.0,0.943977,674.0,,,40.0,469.0,0.656862,225.0,384.0,28.321729,,19901991.0,Y,594.0,,,,301.0,,,,42.0,,,,21.0,23.0,5.0,0.0,0.88942,185.0,208.0,1.0,4.0,1549.0,218.0,13.0,0.92259,18463.0,20012.0,81.0,385.0
8455710,45.0,1266,1251.0,Martin Brodeur,2781.0,2.24158,397.0,49.0,122.0,47.0,0.91229,28928.0,L,31709.0,125.0,105.0,4466305.0,691.0,0.938449,1174.0,629.0,,77.0,741.0,0.592326,416.0,649.0,25.558576,QC,19911992.0,Y,1670.0,,,,536.0,,,,78.0,,,,15.0,22.0,3.0,0.0,0.87777,158.0,180.0,1.0,4.0,2759.0,394.0,49.0,0.91249,28770.0,31529.0,104.0,687.0
8471695,17.0,564,544.0,Tuukka Rask,1230.0,2.27743,165.0,66.0,26.0,17.0,0.92102,14345.0,L,15575.0,52.0,,1944295.0,308.0,0.939338,511.0,1504.0,,33.0,359.0,0.659926,197.0,282.0,28.838216,,20072008.0,N,913.0,0.928822,11914.0,12827.0,278.0,0.878496,2010.0,2288.0,39.0,0.915217,421.0,460.0,20.0,24.0,4.0,2.0,0.904,226.0,250.0,,1.0,1206.0,161.0,64.0,0.9213,14119.0,15325.0,,307.0
8458266,12.0,328,318.0,Roman Turek,734.0,2.30643,115.0,0.0,30.0,12.0,0.90692,7152.0,R,7886.0,27.0,43.0,1145663.0,159.0,0.930817,296.0,,,22.0,183.0,0.575471,115.0,159.0,24.780061,,19961997.0,N,507.0,,,,199.0,,,,19.0,,,,10.0,12.0,0.0,0.0,0.86666,78.0,90.0,0.0,3.0,722.0,115.0,0.0,0.90738,7074.0,7796.0,43.0,156.0
8471750,12.0,413,397.0,Ben Bishop,903.0,2.32366,128.0,36.0,34.0,12.0,0.92051,10457.0,L,11360.0,33.0,,1398998.0,222.0,0.909319,361.0,1064.0,,36.0,260.0,0.654911,143.0,201.0,29.23235,CO,20082009.0,N,686.0,0.92562,8537.0,9223.0,195.0,0.894251,1649.0,1844.0,22.0,0.924914,271.0,293.0,16.0,25.0,3.0,0.0,0.88372,190.0,215.0,,4.0,878.0,125.0,36.0,0.92122,10267.0,11145.0,,218.0
8460612,22.0,543,516.0,Marty Turco,1216.0,2.35693,167.0,40.0,168.0,22.0,0.90957,12231.0,L,13447.0,41.0,26.0,1857327.0,275.0,0.939922,485.0,227.0,,31.0,298.0,0.577519,183.0,245.0,26.063908,ON,20002001.0,N,810.0,0.921106,9457.0,10267.0,363.0,0.865555,2337.0,2700.0,43.0,0.911522,443.0,486.0,27.0,28.0,1.0,1.0,0.90311,261.0,289.0,0.0,3.0,1188.0,166.0,39.0,0.90971,11970.0,13158.0,26.0,272.0
8459308,9.0,365,337.0,Manny Legace,809.0,2.41015,99.0,23.0,12.0,9.0,0.91159,8342.0,L,9151.0,24.0,18.0,1208386.0,187.0,0.893175,301.0,68.0,,36.0,198.0,0.587537,111.0,173.0,27.26248,ON,19981999.0,N,563.0,0.919043,6380.0,6942.0,214.0,0.883505,1623.0,1837.0,32.0,0.907514,314.0,346.0,28.0,23.0,2.0,1.0,0.9258,287.0,310.0,2.0,3.0,786.0,97.0,22.0,0.91109,8055.0,8841.0,16.0,184.0
8471469,14.0,683,667.0,Pekka Rinne,1598.0,2.43267,213.0,75.0,56.0,15.0,0.91687,17627.0,L,19225.0,60.0,0.0,2364809.0,369.0,0.932533,622.0,1629.0,,45.0,418.0,0.626686,251.0,326.0,29.266634,,20052006.0,N,1178.0,0.926443,14837.0,16015.0,379.0,0.862631,2380.0,2759.0,41.0,0.90909,410.0,451.0,16.0,18.0,3.0,0.0,0.91928,205.0,223.0,0.0,3.0,1580.0,210.0,75.0,0.91685,17422.0,19002.0,0.0,366.0
8468685,27.0,887,871.0,Henrik Lundqvist,2101.0,2.43279,310.0,96.0,18.0,27.0,0.91796,23509.0,L,25610.0,64.0,0.0,3109011.0,459.0,0.940298,819.0,1637.0,,52.0,560.0,0.642939,356.0,399.0,29.654446,,20052006.0,Y,1516.0,0.926515,19089.0,20603.0,522.0,0.876598,3701.0,4222.0,63.0,0.915322,681.0,744.0,16.0,27.0,4.0,0.0,0.87441,188.0,215.0,0.0,3.0,2074.0,306.0,96.0,0.91833,23321.0,25395.0,0.0,456.0
8471239,9.0,410,389.0,Cory Schneider,945.0,2.43301,159.0,58.0,4.0,9.0,0.91791,10568.0,L,11513.0,26.0,,1398265.0,171.0,0.933161,363.0,896.0,,26.0,244.0,0.627249,188.0,156.0,29.641591,MA,20082009.0,N,718.0,0.923257,8638.0,9356.0,200.0,0.891008,1635.0,1835.0,27.0,0.916149,295.0,322.0,21.0,19.0,4.0,0.0,0.9249,234.0,253.0,,2.0,926.0,155.0,58.0,0.91776,10334.0,11260.0,,169.0
8460705,15.0,697,683.0,Evgeni Nabokov,1630.0,2.43577,227.0,57.0,118.0,16.0,0.9114,16768.0,L,18398.0,59.0,29.0,2409094.0,353.0,0.916544,626.0,539.0,,57.0,402.0,0.588579,252.0,323.0,27.492825,,19992000.0,N,1119.0,0.921759,13183.0,14302.0,452.0,0.868144,2976.0,3428.0,59.0,0.911544,608.0,667.0,14.0,13.0,2.0,0.0,0.92528,161.0,174.0,0.0,2.0,1617.0,225.0,57.0,0.91127,16607.0,18224.0,29.0,351.0
8470645,9.0,488,474.0,Corey Crawford,1146.0,2.44528,162.0,53.0,18.0,9.0,0.91769,12778.0,L,13924.0,26.0,0.0,1687166.0,260.0,0.92194,437.0,1293.0,,37.0,316.0,0.666666,191.0,226.0,29.710413,QC,20052006.0,N,854.0,0.926124,10706.0,11560.0,266.0,0.869543,1773.0,2039.0,26.0,0.92,299.0,325.0,14.0,22.0,4.0,1.0,0.87709,157.0,179.0,0.0,2.0,1124.0,158.0,52.0,0.91822,12621.0,13745.0,0.0,258.0
8471734,21.0,780,766.0,Jonathan Quick,1869.0,2.47357,283.0,86.0,76.0,21.0,0.91105,19144.0,L,21013.0,60.0,,2720111.0,393.0,0.938642,719.0,1850.0,,47.0,442.0,0.577023,323.0,342.0,27.810188,CT,20072008.0,N,1381.0,0.919083,15686.0,17067.0,446.0,0.868436,2944.0,3390.0,42.0,0.92446,514.0,556.0,14.0,17.0,4.0,0.0,0.8988,151.0,168.0,,3.0,1852.0,279.0,86.0,0.91115,18993.0,20845.0,,390.0
8462147,10.0,623,606.0,Miikka Kiprusoff,1500.0,2.4883,213.0,64.0,47.0,10.0,0.91235,15614.0,L,17114.0,44.0,7.0,2170149.0,319.0,0.933993,566.0,585.0,,40.0,370.0,0.610561,240.0,296.0,28.38994,,20002001.0,N,1021.0,0.922197,12102.0,13123.0,430.0,0.874672,3001.0,3431.0,49.0,0.9125,511.0,560.0,17.0,26.0,3.0,0.0,0.84615,143.0,169.0,0.0,2.0,1474.0,210.0,64.0,0.91301,15471.0,16945.0,7.0,317.0
8473404,5.0,413,394.0,Niklas Backstrom,975.0,2.49149,144.0,50.0,22.0,5.0,0.91441,10417.0,L,11392.0,28.0,,1408791.0,196.0,0.906091,357.0,540.0,,37.0,236.0,0.598984,160.0,173.0,29.110918,,20062007.0,N,723.0,0.921078,8438.0,9161.0,218.0,0.887163,1714.0,1932.0,34.0,0.886287,265.0,299.0,19.0,29.0,2.0,3.0,0.91185,300.0,329.0,,5.0,946.0,142.0,47.0,0.91448,10117.0,11063.0,,191.0
8458568,19.0,744,713.0,Chris Osgood,1768.0,2.49235,216.0,29.0,137.0,20.0,0.90509,16861.0,L,18629.0,50.0,66.0,2553731.0,401.0,0.921458,657.0,76.0,,56.0,395.0,0.553997,235.0,391.0,26.26134,AB,19931994.0,N,993.0,,,,369.0,,,,48.0,,,,31.0,34.0,4.0,0.0,0.8944,288.0,322.0,0.0,7.0,1734.0,212.0,29.0,0.90528,16573.0,18307.0,66.0,394.0
8445386,34.0,963,937.0,Ed Belfour,2317.0,2.49605,320.0,14.0,380.0,34.0,0.90638,22433.0,L,24750.0,76.0,111.0,3341755.0,484.0,0.922091,864.0,,,73.0,524.0,0.559231,325.0,481.0,26.662636,MB,19881989.0,Y,822.0,,,,360.0,,,,45.0,,,,26.0,24.0,2.0,0.0,0.90588,231.0,255.0,4.0,6.0,2293.0,318.0,14.0,0.90638,22202.0,24495.0,107.0,478.0
8458988,6.0,325,308.0,Manny Fernandez,775.0,2.50264,123.0,11.0,40.0,6.0,0.91196,8028.0,L,8803.0,15.0,24.0,1114822.0,143.0,0.935064,288.0,,,20.0,189.0,0.613636,129.0,131.0,28.42678,ON,19941995.0,N,518.0,,,,207.0,,,,28.0,,,,17.0,23.0,3.0,0.0,0.90295,214.0,237.0,0.0,2.0,752.0,120.0,11.0,0.91221,7814.0,8566.0,24.0,141.0
8470860,13.0,581,555.0,Jaroslav Halak,1390.0,2.5043,189.0,69.0,16.0,13.0,0.91521,15004.0,L,16394.0,53.0,,1998161.0,295.0,0.931531,517.0,1390.0,,38.0,335.0,0.603603,221.0,262.0,29.536358,,20062007.0,N,1042.0,0.921965,12311.0,13353.0,310.0,0.881089,2297.0,2607.0,38.0,0.912442,396.0,434.0,26.0,37.0,7.0,1.0,0.89548,317.0,354.0,,2.0,1353.0,182.0,68.0,0.91564,14687.0,16040.0,,293.0
8471679,13.0,712,700.0,Carey Price,1755.0,2.50681,261.0,79.0,51.0,13.0,0.91666,19304.0,L,21059.0,49.0,,2520327.0,361.0,0.968571,678.0,1631.0,,22.0,449.0,0.641428,308.0,327.0,30.080382,BC,20072008.0,N,1279.0,0.924839,15738.0,17017.0,432.0,0.873573,2985.0,3417.0,44.0,0.9296,581.0,625.0,12.0,19.0,5.0,0.0,0.89325,159.0,178.0,,1.0,1736.0,256.0,79.0,0.91686,19145.0,20881.0,,360.0
8466141,23.0,1044,1014.0,Roberto Luongo,2515.0,2.52008,392.0,91.0,46.0,23.0,0.91867,28409.0,L,30924.0,77.0,33.0,3592740.0,489.0,0.913214,926.0,1310.0,,88.0,653.0,0.643984,426.0,437.0,30.986489,QC,19992000.0,Y,1733.0,0.927688,22220.0,23952.0,696.0,0.883487,5270.0,5965.0,86.0,0.911157,882.0,968.0,30.0,57.0,11.0,2.0,0.86896,378.0,435.0,0.0,0.0,2458.0,381.0,89.0,0.91938,28031.0,30489.0,33.0,489.0
8460703,7.0,426,408.0,Tim Thomas,1027.0,2.52064,145.0,49.0,43.0,7.0,0.9199,11795.0,L,12822.0,31.0,0.0,1466770.0,214.0,0.924019,377.0,537.0,,31.0,274.0,0.671568,164.0,178.0,31.469964,MI,20022003.0,N,728.0,0.928247,9418.0,10146.0,267.0,0.881386,1984.0,2251.0,32.0,0.924705,393.0,425.0,18.0,28.0,1.0,1.0,0.86666,182.0,210.0,0.0,4.0,999.0,144.0,48.0,0.92078,11613.0,12612.0,0.0,210.0
8462044,7.0,597,557.0,Jean-Sebastien Giguere,1423.0,2.53213,216.0,50.0,98.0,7.0,0.91283,14902.0,L,16325.0,38.0,25.0,2023116.0,262.0,0.91921,512.0,301.0,,45.0,340.0,0.610412,237.0,241.0,29.049248,QC,19961997.0,N,944.0,,,,412.0,,,,43.0,,,,40.0,48.0,4.0,5.0,0.91413,511.0,559.0,2.0,2.0,1375.0,212.0,45.0,0.91278,14391.0,15766.0,23.0,260.0
8451033,45.0,1029,1003.0,Patrick Roy,2546.0,2.53692,315.0,0.0,262.0,45.0,0.91018,25800.0,L,28346.0,66.0,131.0,3612874.0,551.0,0.945164,948.0,,,55.0,593.0,0.591226,315.0,551.0,28.244992,QC,19841985.0,Y,541.0,,,,247.0,,,,36.0,,,,26.0,34.0,6.0,0.0,0.88235,255.0,289.0,2.0,2.0,2512.0,309.0,0.0,0.91046,25545.0,28057.0,129.0,549.0
8473972,8.0,404,375.0,Jonas Hiller,960.0,2.54865,140.0,37.0,2.0,8.0,0.91445,10262.0,R,11222.0,23.0,,1356009.0,197.0,0.914666,343.0,861.0,,32.0,223.0,0.594666,152.0,175.0,29.792722,,20072008.0,N,673.0,0.925338,8341.0,9014.0,261.0,0.865116,1674.0,1935.0,26.0,0.904761,247.0,273.0,29.0,26.0,3.0,3.0,0.92571,324.0,350.0,,4.0,934.0,137.0,34.0,0.91409,9938.0,10872.0,,193.0
8460712,23.0,700,669.0,Tomas Vokoun,1688.0,2.55153,288.0,43.0,125.0,23.0,0.9169,18625.0,R,20313.0,51.0,35.0,2381627.0,300.0,0.920777,616.0,442.0,,53.0,414.0,0.618834,304.0,279.0,30.704556,,19961997.0,N,1166.0,,,,467.0,,,,51.0,,,,31.0,26.0,4.0,0.0,0.93704,387.0,413.0,3.0,5.0,1662.0,284.0,43.0,0.91648,18238.0,19900.0,32.0,295.0
8459541,7.0,526,507.0,Tommy Salo,1296.0,2.55491,225.0,0.0,67.0,7.0,0.90464,12295.0,L,13591.0,37.0,73.0,1826129.0,210.0,0.919132,466.0,,,41.0,272.0,0.536489,225.0,210.0,26.793068,,19941995.0,N,757.0,,,,296.0,,,,39.0,,,,19.0,20.0,2.0,0.0,0.91769,223.0,243.0,1.0,3.0,1276.0,223.0,0.0,0.9044,12072.0,13348.0,72.0,207.0
8475883,15.0,495,481.0,Frederik Andersen,1218.0,2.55827,127.0,52.0,26.0,15.0,0.91577,13243.0,L,14461.0,27.0,,1713965.0,295.0,0.939708,452.0,1545.0,3.2451,29.0,295.0,0.613305,155.0,274.0,30.373782,,20132014.0,N,947.0,0.921787,11161.0,12108.0,237.0,0.878958,1721.0,1958.0,34.0,0.913924,361.0,395.0,14.0,16.0,1.0,0.0,0.90857,159.0,175.0,,4.0,1202.0,126.0,52.0,0.91586,13084.0,14286.0,,291.0
8476883,20.0,477,467.0,Andrei Vasilevskiy,1199.0,2.56484,143.0,30.0,34.0,20.0,0.91668,13192.0,L,14391.0,34.0,,1682910.0,293.0,0.974304,455.0,1542.0,3.29857,12.0,285.0,0.610278,166.0,271.0,30.784533,,20142015.0,N,904.0,0.92305,10844.0,11748.0,267.0,0.880322,1964.0,2231.0,28.0,0.932038,384.0,412.0,10.0,4.0,0.0,0.0,0.9619,101.0,105.0,,1.0,1195.0,143.0,30.0,0.91635,13091.0,14286.0,,292.0
8474550,12.0,464,443.0,Antti Niemi,1123.0,2.56532,140.0,57.0,8.0,12.0,0.91165,11589.0,L,12712.0,36.0,,1575938.0,242.0,0.916478,406.0,1212.0,,37.0,256.0,0.577878,167.0,204.0,29.038705,,20082009.0,N,822.0,0.921587,9661.0,10483.0,267.0,0.85873,1623.0,1890.0,34.0,0.899705,305.0,339.0,21.0,32.0,5.0,1.0,0.88104,237.0,269.0,,4.0,1091.0,135.0,56.0,0.91232,11352.0,12443.0,,238.0
8470880,11.0,543,496.0,Brian Elliott,1290.0,2.56798,167.0,54.0,12.0,11.0,0.90948,12961.0,L,14251.0,45.0,,1808420.0,279.0,0.907258,450.0,1296.0,,46.0,289.0,0.582661,190.0,250.0,28.369294,ON,20072008.0,N,959.0,0.917356,10645.0,11604.0,296.0,0.868033,1947.0,2243.0,35.0,0.913366,369.0,404.0,47.0,58.0,5.0,1.0,0.90779,571.0,629.0,,11.0,1232.0,162.0,53.0,0.90955,12390.0,13622.0,,268.0
8468524,12.0,465,445.0,Ilya Bryzgalov,1141.0,2.57846,162.0,54.0,20.0,12.0,0.9123,11870.0,L,13011.0,34.0,0.0,1593043.0,221.0,0.925842,412.0,732.0,,33.0,273.0,0.613483,183.0,197.0,29.402596,,20012002.0,N,792.0,0.922776,9464.0,10256.0,314.0,0.866892,2045.0,2359.0,35.0,0.911616,361.0,396.0,20.0,23.0,3.0,0.0,0.88725,181.0,204.0,0.0,2.0,1118.0,159.0,54.0,0.9127,11689.0,12807.0,0.0,219.0
8459579,6.0,444,412.0,Patrick Lalime,1085.0,2.57911,174.0,16.0,58.0,6.0,0.90457,10285.0,L,11370.0,35.0,32.0,1514475.0,200.0,0.919902,379.0,44.0,,33.0,227.0,0.55097,182.0,195.0,27.027187,QC,19961997.0,N,689.0,,,,264.0,,,,31.0,,,,32.0,40.0,7.0,0.0,0.91189,414.0,454.0,2.0,7.0,1045.0,167.0,16.0,0.90426,9871.0,10916.0,30.0,193.0
8475831,6.0,344,311.0,Philipp Grubauer,814.0,2.58534,122.0,32.0,6.0,6.0,0.9105,8281.0,L,9095.0,22.0,,1133465.0,158.0,0.926045,288.0,927.0,2.94424,23.0,178.0,0.572347,143.0,147.0,28.886644,,20122013.0,N,607.0,0.917828,6780.0,7387.0,182.0,0.876777,1295.0,1477.0,25.0,0.891774,206.0,231.0,33.0,29.0,3.0,1.0,0.92658,366.0,395.0,,5.0,785.0,119.0,31.0,0.90977,7915.0,8700.0,,153.0
8475683,12.0,700,686.0,Sergei Bobrovsky,1738.0,2.58597,224.0,55.0,30.0,12.0,0.91488,18681.0,L,20419.0,44.0,,2419510.0,396.0,0.927113,636.0,2056.0,3.05913,50.0,426.0,0.620991,253.0,364.0,30.381523,,20102011.0,N,1286.0,0.923081,15433.0,16719.0,401.0,0.872048,2733.0,3134.0,51.0,0.909893,515.0,566.0,14.0,20.0,3.0,0.0,0.91341,211.0,231.0,,2.0,1718.0,221.0,55.0,0.91489,18470.0,20188.0,,394.0
8474651,12.0,513,501.0,Braden Holtby,1271.0,2.59322,143.0,50.0,27.0,12.0,0.91458,13610.0,L,14881.0,35.0,,1764446.0,299.0,0.922155,462.0,1483.0,3.02576,39.0,313.0,0.62475,175.0,270.0,30.361711,SK,20102011.0,N,946.0,0.92292,11327.0,12273.0,292.0,0.865623,1881.0,2173.0,33.0,0.924137,402.0,435.0,12.0,13.0,2.0,0.0,0.91975,149.0,162.0,,4.0,1258.0,141.0,50.0,0.91453,13461.0,14719.0,,295.0
8470594,22.0,1025,995.0,Marc-Andre Fleury,2565.0,2.5962,330.0,94.0,84.0,22.0,0.912,26586.0,L,29151.0,75.0,2.0,3556727.0,561.0,0.940703,936.0,2225.0,,59.0,583.0,0.585929,383.0,496.0,29.505666,QC,20032004.0,N,1869.0,0.919661,21395.0,23264.0,613.0,0.876858,4365.0,4978.0,83.0,0.90869,826.0,909.0,30.0,41.0,3.0,2.0,0.8954,351.0,392.0,0.0,5.0,2524.0,327.0,92.0,0.91223,26235.0,28759.0,2.0,556.0
8471227,8.0,542,514.0,Devan Dubnyk,1338.0,2.60711,206.0,54.0,46.0,8.0,0.91385,14194.0,L,15532.0,33.0,,1847563.0,253.0,0.941634,484.0,1423.0,2.77273,30.0,304.0,0.591439,234.0,232.0,30.264299,SK,20092010.0,N,1008.0,0.920823,11723.0,12731.0,304.0,0.876271,2153.0,2457.0,26.0,0.924418,318.0,344.0,28.0,34.0,3.0,1.0,0.91052,346.0,380.0,,4.0,1304.0,203.0,53.0,0.91393,13848.0,15152.0,,249.0
8475311,5.0,389,368.0,Darcy Kuemper,955.0,2.61049,135.0,46.0,36.0,5.0,0.91404,10145.0,L,11099.0,31.0,,1316994.0,178.0,0.913043,336.0,1000.0,2.73349,32.0,223.0,0.605978,166.0,160.0,30.33909,SK,20122013.0,N,747.0,0.919586,8531.0,9277.0,187.0,0.877146,1328.0,1514.0,21.0,0.931818,287.0,308.0,21.0,27.0,4.0,1.0,0.90357,253.0,280.0,,2.0,928.0,131.0,45.0,0.91431,9892.0,10819.0,,176.0
8462047,14.0,508,473.0,Martin Biron,1247.0,2.61495,191.0,27.0,81.0,14.0,0.91024,12646.0,L,13893.0,28.0,25.0,1716740.0,230.0,0.930232,440.0,175.0,,33.0,283.0,0.598308,201.0,220.0,29.13359,QC,19951996.0,N,867.0,,,,324.0,,,,46.0,,,,35.0,48.0,5.0,3.0,0.87786,345.0,393.0,0.0,3.0,1199.0,186.0,24.0,0.91118,12301.0,13500.0,25.0,227.0
8470657,9.0,543,523.0,Jimmy Howard,1343.0,2.62007,196.0,70.0,36.0,9.0,0.91229,13970.0,L,15313.0,24.0,0.0,1845293.0,246.0,0.910133,476.0,1322.0,,47.0,315.0,0.602294,229.0,217.0,29.87428,NY,20052006.0,N,996.0,0.9203,11501.0,12497.0,313.0,0.870447,2103.0,2416.0,34.0,0.915,366.0,400.0,20.0,25.0,3.0,2.0,0.9031,233.0,258.0,0.0,2.0,1318.0,193.0,68.0,0.91245,13737.0,15055.0,0.0,244.0
8476945,9.0,505,496.0,Connor Hellebuyck,1281.0,2.62704,173.0,41.0,6.0,9.0,0.91682,14121.0,L,15402.0,37.0,,1755431.0,275.0,0.943548,468.0,1495.0,3.06591,28.0,304.0,0.612903,203.0,262.0,31.586089,MI,20152016.0,N,950.0,0.924525,11637.0,12587.0,301.0,0.872673,2063.0,2364.0,30.0,0.933481,421.0,451.0,9.0,8.0,0.0,0.0,0.93162,109.0,117.0,,1.0,1273.0,173.0,41.0,0.91671,14012.0,15285.0,,274.0
8477424,7.0,350,333.0,Juuse Saros,878.0,2.62798,119.0,32.0,4.0,7.0,0.91703,9705.0,L,10583.0,23.0,,1202746.0,182.0,0.942942,314.0,959.0,2.87043,19.0,210.0,0.63063,141.0,165.0,31.676513,,20152016.0,N,659.0,0.923806,7990.0,8649.0,199.0,0.878732,1442.0,1641.0,20.0,0.93174,273.0,293.0,17.0,23.0,1.0,2.0,0.89912,205.0,228.0,,1.0,855.0,118.0,30.0,0.91743,9500.0,10355.0,,181.0
8475660,7.0,486,465.0,Cam Talbot,1220.0,2.63485,176.0,42.0,39.0,7.0,0.91352,12878.0,L,14097.0,31.0,,1666884.0,245.0,0.939784,437.0,1306.0,2.82059,28.0,287.0,0.617204,204.0,223.0,30.445549,ON,20132014.0,N,944.0,0.919267,10749.0,11693.0,254.0,0.876525,1796.0,2049.0,22.0,0.938028,333.0,355.0,21.0,27.0,2.0,0.0,0.89849,239.0,266.0,,1.0,1193.0,174.0,42.0,0.91381,12639.0,13831.0,,244.0
8468011,12.0,796,772.0,Ryan Miller,2029.0,2.63817,289.0,87.0,48.0,12.0,0.91436,21665.0,L,23694.0,44.0,1.0,2768735.0,391.0,0.940414,726.0,1284.0,,46.0,475.0,0.615284,336.0,331.0,30.807715,MI,20022003.0,N,1472.0,0.922375,17491.0,18963.0,490.0,0.876387,3474.0,3964.0,67.0,0.912646,700.0,767.0,24.0,36.0,2.0,2.0,0.88157,268.0,304.0,0.0,5.0,1993.0,287.0,85.0,0.91479,21397.0,23390.0,1.0,386.0
8473575,8.0,611,583.0,Semyon Varlamov,1543.0,2.64309,228.0,68.0,24.0,8.0,0.91597,16820.0,L,18363.0,41.0,,2101625.0,286.0,0.934819,545.0,1514.0,,38.0,372.0,0.638078,273.0,252.0,31.455088,,20082009.0,N,1185.0,0.921802,13969.0,15154.0,333.0,0.88,2442.0,2775.0,25.0,0.942396,409.0,434.0,28.0,43.0,4.0,1.0,0.88533,332.0,375.0,,3.0,1500.0,224.0,67.0,0.91661,16488.0,17988.0,,283.0
8460535,16.0,648,612.0,Jose Theodore,1635.0,2.67988,254.0,39.0,40.0,17.0,0.90908,16348.0,R,17983.0,33.0,30.0,2196366.0,286.0,0.915032,560.0,382.0,,52.0,369.0,0.602941,276.0,264.0,29.475415,QC,19951996.0,N,1120.0,,,,427.0,,,,34.0,,,,36.0,56.0,8.0,3.0,0.87527,393.0,449.0,1.0,4.0,1579.0,246.0,36.0,0.90994,15955.0,17534.0,29.0,282.0
8455994,8.0,415,399.0,Byron Dafoe,1051.0,2.68584,170.0,0.0,68.0,8.0,0.90355,9846.0,L,10897.0,26.0,56.0,1408719.0,171.0,0.902255,360.0,,,39.0,225.0,0.563909,170.0,171.0,27.847427,,19921993.0,N,551.0,,,,177.0,,,,15.0,,,,16.0,20.0,1.0,0.0,0.88571,155.0,175.0,2.0,0.0,1031.0,169.0,0.0,0.90384,9691.0,10722.0,54.0,171.0
8473461,12.0,476,458.0,Steve Mason,1211.0,2.6964,183.0,64.0,22.0,12.0,0.91068,12348.0,R,13559.0,34.0,,1616821.0,205.0,0.888646,407.0,1011.0,,51.0,262.0,0.572052,206.0,181.0,30.190355,ON,20082009.0,N,875.0,0.920843,10179.0,11054.0,298.0,0.861716,1857.0,2155.0,38.0,0.891428,312.0,350.0,18.0,14.0,3.0,0.0,0.93777,211.0,225.0,,5.0,1197.0,180.0,64.0,0.91022,12137.0,13334.0,,200.0
8469608,20.0,670,645.0,Mike Smith,1720.0,2.69734,263.0,78.0,152.0,21.0,0.91219,17869.0,L,19589.0,44.0,,2295589.0,299.0,0.908527,586.0,1430.0,,59.0,379.0,0.587596,302.0,269.0,30.719959,ON,20062007.0,N,1268.0,0.919914,14565.0,15833.0,400.0,0.874804,2795.0,3195.0,52.0,0.907308,509.0,561.0,25.0,46.0,8.0,0.0,0.8802,338.0,384.0,,5.0,1674.0,255.0,78.0,0.91283,17531.0,19205.0,,294.0
8469514,11.0,368,329.0,Peter Budaj,909.0,2.69791,132.0,40.0,20.0,11.0,0.90381,8542.0,L,9451.0,18.0,0.0,1212938.0,158.0,0.927051,305.0,449.0,,24.0,170.0,0.516717,146.0,138.0,28.050568,,20052006.0,N,635.0,0.915491,6879.0,7514.0,252.0,0.846341,1388.0,1640.0,22.0,0.925925,275.0,297.0,39.0,41.0,9.0,1.0,0.89405,346.0,387.0,0.0,2.0,868.0,123.0,39.0,0.90423,8196.0,9064.0,0.0,156.0
8470140,28.0,649,619.0,Kari Lehtonen,1662.0,2.70698,233.0,67.0,42.0,28.0,0.91215,17258.0,L,18920.0,38.0,0.0,2210278.0,310.0,0.904684,560.0,1174.0,,59.0,370.0,0.597738,270.0,268.0,30.816033,,20032004.0,N,1150.0,0.922787,13744.0,14894.0,456.0,0.865288,2929.0,3385.0,56.0,0.912636,585.0,641.0,30.0,46.0,8.0,2.0,0.90086,418.0,464.0,0.0,3.0,1616.0,225.0,65.0,0.91244,16840.0,18456.0,0.0,307.0
8475215,6.0,364,345.0,Robin Lehner,929.0,2.70801,141.0,49.0,36.0,6.0,0.91653,10202.0,L,11131.0,17.0,,1235001.0,152.0,0.91884,317.0,916.0,2.67011,28.0,220.0,0.637681,164.0,139.0,32.446613,,20102011.0,N,727.0,0.920771,8449.0,9176.0,176.0,0.892944,1468.0,1644.0,26.0,0.916398,285.0,311.0,19.0,21.0,3.0,2.0,0.92708,267.0,288.0,,2.0,908.0,138.0,47.0,0.91625,9935.0,10843.0,,150.0
8448535,17.0,719,692.0,Olie Kolzig,1885.0,2.7142,297.0,24.0,107.0,17.0,0.9063,18233.0,L,20118.0,35.0,63.0,2500179.0,303.0,0.933526,646.0,,,46.0,378.0,0.546242,308.0,296.0,28.967845,,19891990.0,N,1157.0,,,,500.0,,,,47.0,,,,27.0,39.0,6.0,1.0,0.91719,432.0,471.0,2.0,0.0,1846.0,291.0,23.0,0.90604,17801.0,19647.0,61.0,303.0
8460806,14.0,606,556.0,Dwayne Roloson,1552.0,2.71517,257.0,40.0,96.0,14.0,0.90839,15390.0,L,16942.0,29.0,42.0,2057767.0,227.0,0.931654,518.0,361.0,,38.0,319.0,0.573741,272.0,205.0,29.639507,ON,19961997.0,N,1050.0,,,,371.0,,,,53.0,,,,50.0,80.0,9.0,0.0,0.891,654.0,734.0,5.0,2.0,1472.0,248.0,40.0,0.90918,14736.0,16208.0,37.0,225.0
8474889,4.0,466,449.0,Martin Jones,1199.0,2.71575,171.0,36.0,4.0,4.0,0.90532,11446.0,L,12643.0,30.0,,1589394.0,236.0,0.919821,413.0,1301.0,2.94678,36.0,242.0,0.538975,197.0,217.0,28.636574,BC,20132014.0,N,932.0,0.910127,9418.0,10348.0,241.0,0.873424,1663.0,1904.0,26.0,0.933503,365.0,391.0,17.0,31.0,1.0,1.0,0.84343,167.0,198.0,,2.0,1168.0,170.0,35.0,0.9063,11279.0,12445.0,,234.0
8459140,18.0,799,777.0,Nikolai Khabibulin,2071.0,2.7246,334.0,39.0,134.0,18.0,0.90725,20258.0,L,22329.0,46.0,58.0,2736400.0,333.0,0.91377,710.0,264.0,,67.0,433.0,0.557271,350.0,319.0,29.375968,,19941995.0,N,1151.0,,,,454.0,,,,45.0,,,,22.0,19.0,2.0,0.0,0.9246,233.0,252.0,0.0,3.0,2052.0,332.0,39.0,0.90705,20025.0,22077.0,58.0,330.0
8474593,19.0,485,468.0,Jacob Markstrom,1265.0,2.72682,196.0,57.0,42.0,19.0,0.90894,12627.0,L,13892.0,20.0,,1670072.0,215.0,0.946581,443.0,1277.0,2.75269,25.0,266.0,0.568376,229.0,198.0,29.945535,,20102011.0,N,965.0,0.915904,10510.0,11475.0,261.0,0.869041,1732.0,1993.0,39.0,0.908018,385.0,424.0,17.0,11.0,2.0,3.0,0.91791,123.0,134.0,,1.0,1254.0,194.0,54.0,0.90885,12504.0,13758.0,,214.0
8456137,5.0,394,367.0,Mike Dunham,989.0,2.74044,178.0,5.0,16.0,5.0,0.90757,9712.0,L,10701.0,19.0,39.0,1299207.0,141.0,0.882833,324.0,,,43.0,207.0,0.564032,180.0,140.0,29.651625,NY,19961997.0,N,644.0,,,,261.0,,,,41.0,,,,27.0,26.0,5.0,2.0,0.90188,239.0,265.0,0.0,3.0,963.0,173.0,3.0,0.90772,9473.0,10436.0,39.0,138.0
8470320,12.0,701,683.0,Cam Ward,1843.0,2.74264,256.0,88.0,48.0,13.0,0.90831,18259.0,L,20102.0,27.0,0.0,2419126.0,334.0,0.928257,634.0,1219.0,,49.0,389.0,0.569546,303.0,314.0,29.914605,SK,20052006.0,N,1376.0,0.915866,14979.0,16355.0,413.0,0.867651,2701.0,3113.0,54.0,0.914826,580.0,634.0,18.0,36.0,5.0,1.0,0.88854,287.0,323.0,0.0,4.0,1807.0,251.0,87.0,0.90864,17972.0,19779.0,0.0,330.0
8459432,6.0,586,551.0,Jocelyn Thibault,1508.0,2.75072,238.0,7.0,18.0,6.0,0.90398,14198.0,L,15706.0,39.0,68.0,1973586.0,238.0,0.912885,503.0,,,48.0,294.0,0.533575,241.0,236.0,28.649169,QC,19931994.0,N,733.0,,,,324.0,,,,31.0,,,,35.0,52.0,7.0,1.0,0.8962,449.0,501.0,3.0,3.0,1456.0,231.0,6.0,0.90424,13749.0,15205.0,65.0,235.0
8474596,6.0,429,407.0,Jake Allen,1114.0,2.76265,168.0,42.0,14.0,6.0,0.90749,10929.0,L,12043.0,24.0,,1451649.0,195.0,0.90909,370.0,1086.0,2.69321,37.0,237.0,0.582309,199.0,178.0,29.865897,NB,20122013.0,N,852.0,0.914346,9095.0,9947.0,234.0,0.871216,1583.0,1817.0,28.0,0.899641,251.0,279.0,22.0,36.0,4.0,2.0,0.89349,302.0,338.0,,2.0,1078.0,164.0,40.0,0.9079,10627.0,11705.0,,193.0
8457714,16.0,635,620.0,Felix Potvin,1694.0,2.76447,260.0,0.0,82.0,16.0,0.90517,16170.0,L,17864.0,32.0,85.0,2205990.0,266.0,0.925806,574.0,,,46.0,338.0,0.545161,260.0,266.0,29.152625,QC,19911992.0,N,595.0,,,,236.0,,,,32.0,,,,15.0,17.0,3.0,0.0,0.88815,135.0,152.0,2.0,0.0,1677.0,257.0,0.0,0.90531,16035.0,17712.0,83.0,266.0
8471306,4.0,368,323.0,Thomas Greiss,903.0,2.76874,130.0,37.0,16.0,4.0,0.91122,9258.0,L,10160.0,16.0,,1174107.0,162.0,0.894736,289.0,872.0,,34.0,192.0,0.594427,152.0,143.0,31.152186,,20072008.0,N,678.0,0.920146,7801.0,8478.0,195.0,0.861012,1208.0,1403.0,30.0,0.892473,249.0,279.0,45.0,53.0,7.0,1.0,0.89094,433.0,486.0,,5.0,850.0,123.0,36.0,0.91223,8825.0,9674.0,,157.0
8460516,5.0,351,321.0,Dan Cloutier,874.0,2.7704,142.0,4.0,147.0,5.0,0.89866,7751.0,L,8625.0,15.0,33.0,1135718.0,139.0,0.844236,271.0,,,50.0,164.0,0.510903,145.0,138.0,27.339533,QC,19971998.0,N,612.0,0.90623,5847.0,6452.0,234.0,0.865148,1482.0,1713.0,28.0,0.920227,323.0,351.0,30.0,31.0,7.0,0.0,0.90282,288.0,319.0,2.0,1.0,843.0,135.0,4.0,0.8985,7463.0,8306.0,31.0,138.0
8473541,8.0,404,363.0,Jonathan Bernier,1022.0,2.77408,163.0,40.0,14.0,8.0,0.91236,10640.0,L,11662.0,18.0,,1326277.0,165.0,0.906336,329.0,948.0,,34.0,221.0,0.608815,183.0,149.0,31.654925,QC,20072008.0,N,760.0,0.919687,8703.0,9463.0,220.0,0.8821,1646.0,1866.0,42.0,0.873873,291.0,333.0,41.0,60.0,7.0,6.0,0.89966,538.0,598.0,,2.0,962.0,156.0,34.0,0.91305,10102.0,11064.0,,163.0
8448382,31.0,943,916.0,Curtis Joseph,2516.0,2.79276,352.0,6.0,126.0,31.0,0.9061,24279.0,L,26795.0,51.0,90.0,3243243.0,454.0,0.91703,840.0,,,76.0,495.0,0.540393,354.0,447.0,29.742452,ON,19891990.0,N,937.0,,,,415.0,,,,43.0,,,,27.0,33.0,6.0,1.0,0.9035,309.0,342.0,1.0,1.0,2483.0,346.0,5.0,0.90613,23970.0,26453.0,89.0,453.0
8458075,5.0,368,321.0,Garth Snow,925.0,2.79767,147.0,1.0,190.0,5.0,0.90051,8373.0,L,9298.0,16.0,43.0,1190276.0,135.0,0.890965,286.0,,,35.0,164.0,0.510903,148.0,135.0,28.12188,MA,19931994.0,N,508.0,,,,217.0,,,,25.0,,,,47.0,48.0,8.0,0.0,0.89787,422.0,470.0,1.0,5.0,877.0,139.0,1.0,0.90065,7951.0,8828.0,42.0,130.0
8475852,5.0,390,359.0,Petr Mrazek,1018.0,2.80101,155.0,38.0,32.0,5.0,0.9073,9955.0,L,10972.0,25.0,,1308383.0,168.0,0.927576,333.0,955.0,2.62767,26.0,199.0,0.554317,186.0,149.0,30.189325,,20122013.0,N,764.0,0.916639,8401.0,9165.0,221.0,0.857605,1325.0,1545.0,33.0,0.874045,229.0,262.0,31.0,45.0,8.0,1.0,0.90322,420.0,465.0,,4.0,973.0,147.0,37.0,0.90749,9535.0,10507.0,,164.0
8447715,6.0,491,467.0,Guy Hebert,1307.0,2.81194,222.0,0.0,22.0,6.0,0.90923,13093.0,L,14400.0,28.0,56.0,1673288.0,191.0,0.905781,423.0,,,44.0,251.0,0.537473,222.0,191.0,30.980919,NY,19911992.0,N,417.0,,,,177.0,,,,24.0,,,,24.0,44.0,4.0,0.0,0.90265,408.0,452.0,2.0,2.0,1263.0,218.0,0.0,0.90944,12685.0,13948.0,54.0,189.0
8460704,10.0,373,329.0,Johan Hedberg,977.0,2.82394,143.0,22.0,96.0,10.0,0.90149,8941.0,L,9918.0,22.0,14.0,1245490.0,161.0,0.93313,307.0,282.0,,22.0,172.0,0.522796,154.0,136.0,28.667271,,20002001.0,N,677.0,0.911433,6967.0,7644.0,261.0,0.864906,1671.0,1932.0,39.0,0.885964,303.0,342.0,44.0,63.0,7.0,0.0,0.88333,477.0,540.0,1.0,8.0,914.0,136.0,22.0,0.90253,8464.0,9378.0,13.0,153.0
8464999,7.0,341,302.0,Mathieu Garon,865.0,2.82969,131.0,28.0,28.0,7.0,0.90322,8073.0,R,8938.0,20.0,3.0,1100473.0,144.0,0.877483,265.0,286.0,,37.0,161.0,0.533112,147.0,124.0,29.239063,QC,20002001.0,N,586.0,0.915035,6311.0,6897.0,248.0,0.856978,1492.0,1741.0,31.0,0.897009,270.0,301.0,39.0,45.0,5.0,3.0,0.91412,479.0,524.0,0.0,4.0,820.0,126.0,25.0,0.90254,7594.0,8414.0,3.0,140.0
8456692,9.0,568,537.0,Arturs Irbe,1513.0,2.83115,236.0,0.0,90.0,9.0,0.89935,13520.0,L,15033.0,33.0,79.0,1923880.0,218.0,0.908752,488.0,,,49.0,268.0,0.499068,236.0,218.0,28.130028,,19911992.0,N,589.0,,,,208.0,,,,33.0,,,,31.0,53.0,6.0,0.0,0.89227,439.0,492.0,2.0,4.0,1460.0,230.0,0.0,0.89959,13081.0,14541.0,77.0,214.0
8456830,13.0,387,356.0,Trevor Kidd,1014.0,2.83941,162.0,0.0,36.0,13.0,0.90094,9223.0,L,10237.0,19.0,52.0,1285619.0,140.0,0.893258,318.0,,,38.0,187.0,0.52528,162.0,140.0,28.665724,MB,19911992.0,N,379.0,,,,161.0,,,,14.0,,,,31.0,41.0,4.0,0.0,0.88978,331.0,372.0,3.0,2.0,973.0,158.0,0.0,0.90136,8892.0,9865.0,49.0,138.0
8467950,20.0,709,669.0,Craig Anderson,1916.0,2.85774,275.0,71.0,56.0,20.0,0.91195,19846.0,L,21762.0,43.0,2.0,2413655.0,319.0,0.926756,620.0,1587.0,,49.0,401.0,0.599402,314.0,285.0,32.458325,IL,20022003.0,N,1410.0,0.91941,16086.0,17496.0,453.0,0.875822,3195.0,3648.0,53.0,0.914239,565.0,618.0,40.0,57.0,6.0,2.0,0.91271,596.0,653.0,0.0,4.0,1859.0,269.0,69.0,0.91193,19250.0,21109.0,2.0,315.0
8468481,19.0,318,309.0,Rick DiPietro,871.0,2.87172,136.0,28.0,129.0,19.0,0.90229,8044.0,R,8915.0,16.0,8.0,1091886.0,130.0,0.912621,282.0,105.0,,27.0,160.0,0.517799,153.0,111.0,29.393178,MA,20002001.0,N,586.0,0.912823,6136.0,6722.0,258.0,0.862911,1624.0,1882.0,27.0,0.913183,284.0,311.0,9.0,11.0,2.0,1.0,0.90983,111.0,122.0,0.0,1.0,860.0,134.0,27.0,0.90219,7933.0,8793.0,8.0,129.0
8471715,6.0,398,374.0,Ondrej Pavelec,1069.0,2.87588,167.0,48.0,12.0,6.0,0.90699,10425.0,L,11494.0,18.0,,1338160.0,156.0,0.90909,340.0,925.0,,34.0,196.0,0.524064,189.0,134.0,30.921862,,20072008.0,N,775.0,0.916567,8514.0,9289.0,264.0,0.862571,1657.0,1921.0,30.0,0.894366,254.0,284.0,24.0,36.0,8.0,0.0,0.9019,331.0,367.0,,0.0,1033.0,159.0,48.0,0.90716,10094.0,11127.0,,156.0
8459463,3.0,348,317.0,Kevin Weekes,903.0,2.87629,163.0,6.0,18.0,3.0,0.9025,8359.0,L,9262.0,19.0,33.0,1130203.0,105.0,0.854889,271.0,,,46.0,173.0,0.545741,167.0,100.0,29.501956,ON,19971998.0,N,587.0,0.91574,6260.0,6836.0,281.0,0.854889,1626.0,1902.0,35.0,0.91029,345.0,379.0,31.0,30.0,4.0,0.0,0.88847,239.0,269.0,1.0,0.0,873.0,159.0,6.0,0.90292,8120.0,8993.0,32.0,105.0
8473503,3.0,501,458.0,James Reimer,1319.0,2.88085,177.0,63.0,20.0,3.0,0.91028,13383.0,L,14702.0,30.0,,1648258.0,215.0,0.897379,411.0,1269.0,2.77165,47.0,268.0,0.585152,211.0,186.0,32.110992,MB,20102011.0,N,1013.0,0.917116,11209.0,12222.0,266.0,0.874112,1847.0,2113.0,40.0,0.891008,327.0,367.0,43.0,45.0,4.0,5.0,0.92187,531.0,576.0,,6.0,1274.0,173.0,58.0,0.90981,12852.0,14126.0,,209.0
8450833,11.0,666,648.0,Mike Richter,1840.0,2.89119,258.0,0.0,34.0,11.0,0.90426,17379.0,L,19219.0,24.0,73.0,2291096.0,301.0,0.922839,598.0,,,50.0,351.0,0.541666,258.0,301.0,30.198821,PA,19891990.0,N,609.0,,,,221.0,,,,32.0,,,,18.0,28.0,5.0,0.0,0.87443,195.0,223.0,1.0,1.0,1812.0,253.0,0.0,0.90461,17184.0,18996.0,72.0,300.0
8476434,6.0,477,466.0,John Gibson,1315.0,2.89633,206.0,61.0,68.0,6.0,0.90998,13294.0,L,14609.0,24.0,,1634480.0,193.0,0.879828,410.0,1117.0,2.46023,56.0,272.0,0.58369,251.0,175.0,32.176839,PA,20132014.0,N,1010.0,0.915882,10997.0,12007.0,281.0,0.876916,2002.0,2283.0,24.0,0.924764,295.0,319.0,11.0,20.0,1.0,1.0,0.88826,159.0,179.0,,3.0,1295.0,205.0,60.0,0.91025,13135.0,14430.0,,190.0
8447449,9.0,500,465.0,Jeff Hackett,1361.0,2.90355,244.0,0.0,62.0,9.0,0.90189,12512.0,L,13873.0,26.0,56.0,1687450.0,166.0,0.918279,427.0,,,38.0,258.0,0.554838,244.0,166.0,29.59661,ON,19881989.0,N,472.0,,,,163.0,,,,28.0,,,,35.0,54.0,10.0,0.0,0.88131,401.0,455.0,1.0,0.0,1307.0,234.0,0.0,0.90259,12111.0,13418.0,55.0,166.0
8445769,28.0,820,776.0,Sean Burke,2290.0,2.95864,341.0,9.0,310.0,28.0,0.90168,21003.0,L,23293.0,38.0,101.0,2786409.0,324.0,0.913659,709.0,,,67.0,404.0,0.520618,345.0,320.0,30.094218,ON,19871988.0,N,671.0,,,,287.0,,,,27.0,,,,44.0,66.0,12.0,0.0,0.87159,448.0,514.0,2.0,1.0,2224.0,329.0,9.0,0.90236,20555.0,22779.0,99.0,323.0
8452157,35.0,882,841.0,John Vanbiesbrouck,2502.0,2.97534,346.0,0.0,310.0,35.0,0.89872,22203.0,L,24705.0,40.0,119.0,3027276.0,374.0,0.932223,784.0,,,57.0,417.0,0.495838,346.0,374.0,29.378887,MI,19811982.0,N,357.0,,,,161.0,,,,26.0,,,,41.0,53.0,9.0,0.0,0.84637,292.0,345.0,1.0,2.0,2449.0,337.0,0.0,0.89946,21911.0,24360.0,118.0,372.0
8447775,32.0,608,588.0,Ron Hextall,1723.0,2.97593,214.0,,569.0,33.0,0.89465,14633.0,L,16356.0,23.0,69.0,2084317.0,296.0,0.913265,537.0,,,51.0,275.0,0.467687,214.0,296.0,28.249829,MB,19861987.0,N,101.0,,,,40.0,,,,8.0,,,,20.0,23.0,3.0,,0.88725,181.0,204.0,1.0,1.0,1700.0,211.0,,0.89474,14452.0,16152.0,68.0,295.0
8452217,39.0,782,742.0,Mike Vernon,2210.0,2.97964,274.0,0.0,271.0,39.0,0.88948,17788.0,L,19998.0,27.0,92.0,2670121.0,385.0,0.920485,683.0,,,59.0,322.0,0.433962,274.0,385.0,26.962373,AB,19821983.0,Y,371.0,,,,146.0,,,,10.0,,,,40.0,54.0,8.0,0.0,0.88436,413.0,467.0,1.0,9.0,2156.0,266.0,0.0,0.88961,17375.0,19531.0,91.0,376.0
8462055,6.0,349,320.0,Marc Denis,982.0,3.01749,179.0,3.0,32.0,6.0,0.90223,9062.0,L,10044.0,16.0,28.0,1171566.0,112.0,0.921875,295.0,,,25.0,162.0,0.50625,180.0,104.0,30.863306,QC,19961997.0,N,700.0,,,,243.0,,,,36.0,,,,29.0,50.0,8.0,0.0,0.85465,294.0,344.0,0.0,0.0,932.0,171.0,3.0,0.90391,8768.0,9700.0,28.0,112.0
8450627,18.0,429,407.0,Daren Puppa,1204.0,3.03343,161.0,0.0,48.0,18.0,0.89688,10472.0,R,11676.0,19.0,54.0,1428875.0,179.0,0.882063,359.0,,,48.0,201.0,0.493857,161.0,179.0,29.417268,ON,19851986.0,N,74.0,,,,40.0,,,,4.0,,,,22.0,28.0,4.0,0.0,0.88571,217.0,245.0,3.0,2.0,1176.0,157.0,0.0,0.89712,10255.0,11431.0,51.0,177.0
8451837,7.0,537,489.0,Ron Tugnutt,1497.0,3.04659,239.0,0.0,12.0,7.0,0.89457,12703.0,L,14200.0,26.0,62.0,1768925.0,186.0,0.88957,435.0,,,54.0,232.0,0.474437,239.0,186.0,28.898907,ON,19871988.0,N,433.0,,,,158.0,,,,24.0,,,,48.0,76.0,7.0,0.0,0.88484,584.0,660.0,2.0,7.0,1421.0,232.0,0.0,0.89505,12119.0,13540.0,60.0,179.0
8451860,13.0,406,360.0,Chris Terreri,1143.0,3.06594,172.0,0.0,37.0,13.0,0.89235,9475.0,L,10618.0,9.0,43.0,1342098.0,151.0,0.927777,334.0,,,26.0,173.0,0.480555,172.0,151.0,28.481377,RI,19861987.0,N,108.0,,,,43.0,,,,4.0,,,,46.0,83.0,12.0,0.0,0.86504,532.0,615.0,3.0,1.0,1060.0,160.0,0.0,0.89403,8943.0,10003.0,40.0,150.0
8446831,12.0,390,365.0,Stephane Fiset,1114.0,3.0682,153.0,0.0,38.0,12.0,0.89944,9964.0,L,11078.0,16.0,44.0,1307085.0,164.0,0.89041,325.0,,,40.0,186.0,0.509589,153.0,164.0,30.511252,QC,19891990.0,N,280.0,,,,111.0,,,,16.0,,,,25.0,42.0,5.0,0.0,0.87037,282.0,324.0,1.0,2.0,1072.0,148.0,0.0,0.90031,9682.0,10754.0,43.0,162.0
8450343,14.0,444,424.0,Pete Peeters,1303.0,3.12001,149.0,,158.0,14.0,0.88515,10043.0,L,11346.0,20.0,45.0,1503452.0,216.0,0.900943,382.0,,,42.0,171.0,0.403301,149.0,216.0,27.167877,AB,19781979.0,N,,,,,,,,,,,,,20.0,24.0,3.0,,0.89189,198.0,222.0,2.0,0.0,1279.0,146.0,,0.88502,9845.0,11124.0,43.0,216.0
8449681,24.0,713,664.0,Andy Moog,2097.0,3.13525,209.0,,230.0,24.0,0.89147,17225.0,L,19322.0,28.0,88.0,2407846.0,372.0,0.924698,614.0,,,50.0,315.0,0.474397,209.0,372.0,28.888558,BC,19801981.0,N,68.0,,,,25.0,,,,4.0,,,,49.0,83.0,11.0,,0.86189,518.0,601.0,2.0,11.0,2014.0,198.0,,0.89242,16707.0,18721.0,86.0,361.0
8446719,15.0,446,391.0,Bob Essensa,1270.0,3.1467,176.0,0.0,26.0,15.0,0.89503,10829.0,L,12099.0,18.0,47.0,1452950.0,173.0,0.89514,350.0,,,41.0,180.0,0.460358,176.0,173.0,29.977907,ON,19881989.0,N,206.0,,,,91.0,,,,16.0,,,,55.0,66.0,10.0,0.0,0.88172,492.0,558.0,2.0,3.0,1204.0,166.0,0.0,0.89567,10337.0,11541.0,45.0,170.0
8446011,13.0,425,384.0,Jon Casey,1246.0,3.21593,157.0,,126.0,13.0,0.88828,9907.0,L,11153.0,16.0,55.0,1394803.0,170.0,0.882812,339.0,,,45.0,173.0,0.45052,157.0,170.0,28.786,MN,19831984.0,N,,,,,,,,,,,,,41.0,90.0,7.0,,0.8407,475.0,565.0,2.0,5.0,1156.0,150.0,,0.89081,9432.0,10588.0,53.0,165.0
8445275,48.0,777,755.0,Tom Barrasso,2385.0,3.24227,277.0,0.0,437.0,48.0,0.89197,19694.0,R,22079.0,38.0,86.0,2648138.0,369.0,0.900662,680.0,,,75.0,348.0,0.460927,277.0,369.0,30.015203,MA,19831984.0,Y,268.0,,,,111.0,,,,18.0,,,,22.0,41.0,4.0,0.0,0.86688,267.0,308.0,1.0,5.0,2344.0,273.0,0.0,0.89233,19427.0,21771.0,85.0,364.0
8449474,23.0,612,578.0,Kirk McLean,1904.0,3.2599,262.0,0.0,58.0,23.0,0.88711,14963.0,L,16867.0,22.0,72.0,2102636.0,245.0,0.937716,542.0,,,36.0,255.0,0.441176,262.0,245.0,28.878607,ON,19851986.0,N,225.0,,,,105.0,,,,13.0,,,,34.0,60.0,6.0,0.0,0.88188,448.0,508.0,1.0,6.0,1844.0,256.0,0.0,0.88727,14515.0,16359.0,71.0,239.0
8452287,9.0,407,391.0,Rick Wamsley,1287.0,3.34336,131.0,,52.0,9.0,0.88108,9536.0,L,10823.0,12.0,46.0,1385788.0,204.0,0.923273,361.0,,,30.0,151.0,0.386189,131.0,204.0,28.115988,ON,19801981.0,N,,,,,,,,,,,,,16.0,24.0,4.0,,0.88292,181.0,205.0,0.0,4.0,1263.0,127.0,,0.88105,9355.0,10618.0,46.0,200.0
8447709,15.0,437,396.0,Glenn Healy,1361.0,3.36697,190.0,0.0,93.0,15.0,0.88696,10680.0,L,12041.0,13.0,47.0,1455194.0,166.0,0.914141,362.0,,,34.0,170.0,0.429292,190.0,166.0,29.788193,ON,19851986.0,N,125.0,,,,49.0,,,,3.0,,,,41.0,71.0,12.0,0.0,0.8702,476.0,547.0,2.0,3.0,1290.0,178.0,0.0,0.88776,10204.0,11494.0,45.0,163.0
8446991,47.0,868,829.0,Grant Fuhr,2756.0,3.37968,295.0,0.0,120.0,47.0,0.88691,21615.0,R,24371.0,25.0,114.0,2935655.0,403.0,0.897466,744.0,,,85.0,351.0,0.423401,295.0,403.0,29.886209,AB,19811982.0,Y,217.0,,,,78.0,,,,9.0,,,,39.0,77.0,10.0,0.0,0.86371,488.0,565.0,4.0,7.0,2679.0,285.0,0.0,0.88746,21127.0,23806.0,110.0,396.0
8451525,8.0,343,317.0,Billy Smith,1079.0,3.38547,117.0,,261.0,8.0,0.8888,8625.0,L,9704.0,9.0,38.0,1147371.0,167.0,0.930599,295.0,,,22.0,135.0,0.425867,117.0,167.0,30.447344,ON,19711972.0,Y,,,,,,,,,,,,,26.0,25.0,3.0,,0.89451,212.0,237.0,3.0,5.0,1054.0,114.0,,0.88866,8413.0,9467.0,35.0,162.0
8450651,24.0,647,613.0,Bill Ranford,2042.0,3.41009,279.0,0.0,65.0,24.0,0.88824,16230.0,L,18272.0,15.0,76.0,2155716.0,240.0,0.882544,541.0,,,72.0,281.0,0.458401,279.0,240.0,30.513852,MB,19851986.0,N,152.0,,,,57.0,,,,3.0,,,,34.0,58.0,7.0,0.0,0.87024,389.0,447.0,1.0,3.0,1984.0,272.0,0.0,0.88869,15841.0,17825.0,75.0,237.0
8448020,16.0,677,625.0,Kelly Hrudey,2174.0,3.42733,265.0,,173.0,16.0,0.89296,18137.0,L,20311.0,17.0,88.0,2283522.0,271.0,0.9184,574.0,,,51.0,281.0,0.4496,265.0,271.0,32.020536,AB,19831984.0,N,43.0,,,,17.0,,,,2.0,,,,52.0,75.0,10.0,,0.89626,648.0,723.0,1.0,5.0,2099.0,255.0,,0.89284,17489.0,19588.0,87.0,266.0
8448759,17.0,485,444.0,Rejean Lemelin,1539.0,3.44914,151.0,,105.0,17.0,0.88463,11801.0,L,13340.0,12.0,62.0,1606309.0,228.0,0.896396,398.0,,,46.0,192.0,0.432432,151.0,228.0,29.897111,QC,19781979.0,N,,,,,,,,,,,,,41.0,78.0,5.0,,0.85501,460.0,538.0,2.0,5.0,1461.0,146.0,,0.88587,11341.0,12802.0,60.0,223.0
8450835,8.0,325,307.0,Pat Riggin,1062.0,3.45133,111.0,,41.0,8.0,0.87811,7651.0,L,8713.0,9.0,50.0,1107746.0,142.0,0.934853,287.0,,,20.0,109.0,0.355048,111.0,142.0,28.315877,ON,19791980.0,N,,,,,,,,,,,,,18.0,33.0,3.0,,0.86475,211.0,244.0,1.0,2.0,1029.0,108.0,,0.87849,7440.0,8469.0,49.0,140.0
8445381,8.0,666,620.0,Don Beaupre,2151.0,3.45589,277.0,,268.0,8.0,0.88481,16523.0,L,18674.0,17.0,75.0,2240694.0,268.0,0.924193,573.0,,,47.0,249.0,0.401612,277.0,268.0,30.00249,ON,19801981.0,N,,,,,,,,,,,,,46.0,78.0,8.0,,0.86978,521.0,599.0,4.0,6.0,2073.0,269.0,,0.88531,16002.0,18075.0,71.0,262.0
8449096,15.0,337,314.0,Clint Malarchuk,1100.0,3.47148,130.0,,134.0,15.0,0.88508,8472.0,L,9572.0,12.0,45.0,1140722.0,141.0,0.901273,283.0,,,31.0,134.0,0.426751,130.0,141.0,30.208236,AB,19811982.0,N,,,,,,,,,,,,,23.0,43.0,6.0,,0.86173,268.0,311.0,1.0,5.0,1057.0,124.0,,0.88586,8204.0,9261.0,44.0,136.0
8446082,16.0,340,321.0,Tim Cheveldae,1116.0,3.49272,136.0,,18.0,16.0,0.88288,8413.0,L,9529.0,10.0,37.0,1150278.0,149.0,0.89408,287.0,,,34.0,124.0,0.386292,136.0,149.0,29.822703,SK,19881989.0,N,,,,,,,,,,,,,19.0,31.0,7.0,,0.88257,233.0,264.0,1.0,0.0,1085.0,129.0,,0.88289,8180.0,9265.0,36.0,149.0
8448865,13.0,599,581.0,Mike Liut,2024.0,3.52612,248.0,,20.0,13.0,0.88112,15002.0,L,17026.0,23.0,65.0,2066402.0,261.0,0.92771,539.0,,,42.0,231.0,0.39759,248.0,261.0,29.661992,ON,19791980.0,N,,,,,,,,,,,,,18.0,39.0,6.0,,0.86071,241.0,280.0,0.0,1.0,1985.0,242.0,,0.88146,14761.0,16746.0,65.0,260.0
8451143,10.0,344,320.0,Bob Sauve,1172.0,3.6035,132.0,,53.0,10.0,0.87259,8027.0,L,9199.0,4.0,43.0,1170861.0,145.0,0.94375,302.0,,,18.0,105.0,0.328125,132.0,145.0,28.283801,QC,19761977.0,N,,,,,,,,,,,,,24.0,44.0,1.0,,0.88266,331.0,375.0,2.0,5.0,1128.0,131.0,,0.87216,7696.0,8824.0,41.0,140.0
8452535,24.0,575,524.0,Ken Wregget,1916.0,3.63287,248.0,0.0,182.0,24.0,0.885,14746.0,L,16662.0,9.0,53.0,1898663.0,225.0,0.906488,475.0,,,49.0,226.0,0.431297,248.0,225.0,31.592336,MB,19831984.0,N,116.0,,,,44.0,,,,5.0,,,,51.0,85.0,13.0,0.0,0.88243,638.0,723.0,3.0,9.0,1831.0,235.0,0.0,0.88512,14108.0,15939.0,50.0,216.0
8449550,5.0,324,308.0,Gilles Meloche,1119.0,3.66404,115.0,,34.0,5.0,0.88152,8326.0,R,9445.0,6.0,57.0,1099441.0,128.0,0.922077,284.0,,,24.0,122.0,0.396103,115.0,128.0,30.926625,QC,19701971.0,N,,,,,,,,,,,,,16.0,34.0,4.0,,0.84684,188.0,222.0,1.0,1.0,1085.0,111.0,,0.88235,8138.0,9223.0,56.0,127.0
8447505,9.0,384,333.0,Glen Hanlon,1265.0,3.67952,158.0,,152.0,9.0,0.88222,9476.0,R,10741.0,10.0,45.0,1237661.0,137.0,0.882882,294.0,,,39.0,138.0,0.414414,158.0,137.0,31.24248,MB,19771978.0,N,,,,,,,,,,,,,51.0,67.0,10.0,,0.89432,567.0,634.0,3.0,3.0,1198.0,148.0,,0.88146,8909.0,10107.0,42.0,134.0
8447701,13.0,357,329.0,Brian Hayward,1241.0,3.7246,156.0,,85.0,13.0,0.8739,8601.0,L,9842.0,8.0,37.0,1199482.0,143.0,0.920972,303.0,,,26.0,107.0,0.325227,156.0,143.0,29.53875,ON,19821983.0,N,,,,,,,,,,,,,28.0,57.0,10.0,,0.8492,321.0,378.0,2.0,2.0,1184.0,146.0,,0.87489,8280.0,9464.0,35.0,141.0
8445694,8.0,383,371.0,Richard Brodeur,1404.0,3.86043,175.0,,26.0,8.0,0.87223,9585.0,L,10989.0,6.0,62.0,1309284.0,130.0,0.90566,336.0,,,35.0,135.0,0.363881,175.0,130.0,30.215293,QC,19791980.0,N,,,,,,,,,,,,,12.0,26.0,8.0,,0.86243,163.0,189.0,0.0,1.0,1378.0,167.0,,0.8724,9422.0,10800.0,62.0,129.0
8449627,15.0,532,514.0,Greg Millen,2038.0,3.9205,255.0,,58.0,15.0,0.8719,13872.0,R,15910.0,13.0,81.0,1871390.0,183.0,0.974708,501.0,,,13.0,171.0,0.332684,255.0,183.0,30.606127,ON,19781979.0,N,,,,,,,,,,,,,18.0,23.0,3.0,,0.89047,187.0,210.0,3.0,2.0,2015.0,252.0,,0.87165,13685.0,15700.0,78.0,181.0
